delay,avg_delay,complete_rate,throughput
1ms,0.0977578,1,7.746
10ms,0.121109,1,6.34504
50ms,0.278611,1,2.85823
100ms,0.478195,1,1.68492
