jitter,throughput
0,9.07772
1,9.07772
5,9.07988
10,9.07988
20,9.07988
50,9.07988
