delay,avg_delay,complete_rate,throughput
1ms,0.0923337,1,8.0091
10ms,0.11058,1,6.79663
50ms,0.193386,0.715,4.0292
100ms,0.300302,0.47,2.64092
