bandwidth,throughput
1Mbps,0.877734
5Mbps,4.54068
10Mbps,9.07987
20Mbps,18.0965
50Mbps,45.2895
100Mbps,49.8694
