loss,throughput
0.02,1.58315
0.03,0.910725
0.1,0.142108
0.2,0.0267099
0.3,0.0146758
