time,stream_id,size
1.05095,1,10240
1.98883,3,51200
5.79936,5,51200
8.47381,10,204800
12.5075,17,204800
