time,stream_id,size
1.05095,1,10240
1.4794,2,51200
1.98883,3,51200
3.21779,4,51200
5.79936,5,51200
5.84559,6,51200
5.84599,7,51200
5.89125,8,51200
8.42783,9,204800
10.0295,10,204800
10.1215,12,204800
10.1685,13,204800
10.1688,14,204800
10.2148,15,204800
10.2606,16,204800
10.3067,17,204800
10.3074,18,204800
10.3531,19,204800
10.3989,20,204800
10.4558,11,204800
