errorRate,avg_delay
0,0.103721
0.01,0.100911
0.02,0.2008
0.05,0.100879
0.1,0.46307
0.2,3.4853
0.3,18.6834
