request_id,send_time,recv_time
0,1,1.12246
1,1.13246,1.23327
2,1.24327,1.34376
3,1.35376,1.4543
4,1.4643,1.56498
5,1.57498,1.67565
6,1.68565,1.78627
7,1.79627,1.89673
8,1.90673,2.0072
9,2.0172,2.11767
10,2.12767,2.22808
11,2.23808,2.33855
12,2.34855,2.44897
13,2.45897,2.55935
14,2.56935,2.66971
15,2.67971,2.78012
16,2.79012,2.89057
17,2.90057,3.00102
18,3.01102,3.11154
19,3.12154,3.22207
20,3.23207,3.33259
21,3.34259,3.44311
22,3.45311,3.55359
23,3.56359,3.66406
24,3.67406,3.77453
25,3.78453,3.885
26,3.895,3.99548
27,4.00548,4.10599
28,4.11599,4.21631
29,4.22631,4.32664
30,4.33664,4.43704
31,4.44704,4.54746
32,4.55746,4.65788
33,4.66788,4.76825
34,4.77825,4.87862
35,4.88862,4.98899
36,4.99899,5.09931
37,5.10931,5.20964
38,5.21964,5.31996
39,5.32996,5.43028
40,5.44028,5.5406
41,5.5506,5.65092
42,5.66092,5.76125
43,5.77125,5.87161
44,5.88161,5.98194
45,5.99194,6.0923
46,6.1023,6.20267
47,6.21267,6.31309
48,6.32309,6.42345
49,6.43345,6.53386
