request_id,send_time,recv_time
0,1,1.12159
1,1.13159,1.23226
2,1.24226,1.34297
3,1.35297,1.45368
4,1.46368,1.56499
5,1.57499,1.67562
6,1.68562,1.7866
7,1.7966,1.89718
8,1.90718,2.00786
9,2.01786,2.1184
10,2.1284,2.22931
11,2.23931,2.3398
12,2.3498,2.45034
13,2.46034,2.56092
14,2.57092,2.67176
15,2.68176,2.78258
16,2.79258,2.89307
17,2.90307,3.00361
18,3.01361,3.11415
19,3.12415,3.22473
20,3.23473,3.33536
21,3.34536,3.44603
22,3.45603,3.55669
23,3.56669,3.66732
24,3.67732,3.77764
25,3.78764,3.88796
26,3.89796,3.99829
27,4.00829,4.10861
28,4.11861,4.21893
29,4.22893,4.32925
30,4.33925,4.43958
31,4.44958,4.5499
32,4.5599,4.66022
33,4.67022,4.77054
34,4.78054,4.88086
35,4.89086,4.99119
36,5.00119,5.10151
37,5.11151,5.21183
38,5.22183,5.32215
39,5.33215,5.43248
40,5.44248,5.5428
41,5.5528,5.65312
42,5.66312,5.76344
43,5.77344,5.87377
44,5.88377,5.98409
45,5.99409,6.09441
46,6.10441,6.20473
47,6.21473,6.31506
48,6.32506,6.42538
49,6.43538,6.5357
