request_id,send_time,recv_time
0,1,1.12254
1,1.13254,1.23334
2,1.24334,2.58444
3,2.59444,2.69476
4,2.70476,2.80508
5,2.81508,2.9154
6,2.9254,3.02573
7,3.03573,3.13605
8,3.14605,3.24637
9,3.25637,3.35669
10,3.36669,3.46701
11,3.47701,3.57734
12,3.58734,3.68766
13,3.69766,3.79798
14,3.80798,3.9083
15,3.9183,4.01863
16,4.02863,4.12895
17,4.13895,4.23927
18,4.24927,4.34959
19,4.35959,4.45992
20,4.46992,2.43861e-152
