request_id,send_time,recv_time
0,1,1.12159
1,1.13159,1.23226
2,1.24226,1.34297
3,1.35297,1.45368
4,1.46368,1.56494
5,1.57494,1.67557
6,1.68557,1.78651
7,1.79651,1.897
8,1.907,2.00754
9,2.01754,2.11834
10,2.12834,2.22884
11,2.23884,2.33966
12,2.34966,2.45016
13,2.46016,2.5607
14,2.5707,2.67119
15,2.68119,2.78164
16,2.79164,2.8921
17,2.9021,3.00259
18,3.01259,3.11313
19,3.12313,3.22387
20,3.23387,7.62719
21,7.63719,7.73751
22,7.74751,7.84784
23,7.85784,7.95816
24,7.96816,8.06848
25,8.07848,8.1788
26,8.1888,8.28913
27,8.29913,8.39945
28,8.40945,8.50977
29,8.51977,8.62009
30,8.63009,8.73042
31,8.74042,8.84074
32,8.85074,8.95106
33,8.96106,9.06138
34,9.07138,9.17171
35,9.18171,9.28203
36,9.29203,9.39235
37,9.40235,9.50267
38,9.51267,9.61299
39,9.62299,9.72332
40,9.73332,9.83364
41,9.84364,9.94396
42,9.95396,4.24399e-313
