request_id,send_time,recv_time
0,1,1.11938
1,1.12938,2.46953
2,2.47953,9.4303e-310
