request_id,send_time,recv_time
0,1,1.13067
1,1.14067,1.29081
2,1.30081,1.45116
3,1.46116,1.60134
4,1.61134,1.71166
5,1.72166,1.82198
6,1.83198,1.93231
7,1.94231,2.04263
8,2.05263,2.15295
9,2.16295,2.26327
10,2.27327,2.37359
11,2.38359,2.48392
12,2.49392,2.59424
13,2.60424,2.70456
14,2.71456,2.81488
15,2.82488,2.9252
16,2.9352,3.03553
17,3.04553,3.14585
18,3.15585,3.25617
19,3.26617,3.36649
20,3.37649,3.47682
21,3.48682,3.58714
22,3.59714,3.69746
23,3.70746,3.80778
24,3.81778,3.91811
25,3.92811,4.02843
26,4.03843,4.13875
27,4.14875,4.24907
28,4.25907,4.3594
29,4.3694,4.46972
30,4.47972,4.58004
31,4.59004,4.69036
32,4.70036,4.80069
33,4.81069,4.91101
34,4.92101,5.02133
35,5.03133,5.13165
36,5.14165,5.24198
37,5.25198,5.3523
38,5.3623,5.46262
39,5.47262,5.57294
40,5.58294,5.68326
41,5.69326,5.79359
42,5.80359,5.90391
43,5.91391,6.01423
44,6.02423,6.12455
45,6.13455,6.23488
46,6.24488,6.3452
47,6.3552,6.45552
48,6.46552,6.56584
49,6.57584,6.67617
