request_id,send_time,recv_time
0,1,1.12168
1,1.13168,2.47656
2,2.48656,2.58688
3,2.59688,3.6972
4,3.7072,3.80752
5,3.81752,3.91784
6,3.92784,4.02817
7,4.03817,8.22265
8,8.23265,8.33297
9,8.34297,8.44329
10,8.45329,8.55361
11,8.56361,8.66394
12,8.67394,8.77426
13,8.78426,8.88463
14,8.89463,8.995
15,9.005,9.10536
16,9.11536,0
