errorRate,throughput
0,7.29493
0.01,7.40923
0.02,3.89043
0.05,7.40717
0.1,1.73344
0.2,0.23441
0.3,0.0438307
