time,stream_id,size
4.36051,3,153600
6.45131,6,153600
8.99963,8,153600
