bandwidth,avg_delay_ms_mean,avg_delay_ms_std
1Mbps,913.574,0
2Mbps,461.721,6.35529e-14
3Mbps,311.232,0
5Mbps,190.764,0
8Mbps,123.053,1.58882e-14
10Mbps,100.502,0
15Mbps,70.4349,0
20Mbps,55.4187,0
30Mbps,40.4124,0
50Mbps,28.4406,3.97205e-15
100Mbps,19.4703,0
