completion_rate,delay,throughput,load_time,connections
100.0,0.520852,9.06243,18.079,6
88.5,0.436425,9.01515,16.0839,5
92.0,0.173744,8.89039,16.9546,2
94.5,0.604622,9.06008,17.0891,7
94.0,0.396357,5.07486,30.3476,4
100.0,0.770561,5.73989,28.5441,9
94.0,0.144446,5.30594,29.0259,1
97.0,0.828828,8.861,17.9353,10
96.5,0.691558,9.05232,17.4658,8
97.0,0.358356,6.39434,24.854,3
